Date,GMEAN_OCHL,WeekNumber,Open,High,Low,Close
2000-01-01,14.07,1,14.18,14.18,13.87,14.07
2000-01-08,14.21,2,14.21,14.24,14.17,14.23
2000-01-15,14.06,3,14.2,14.2,13.93,13.93
2000-01-22,13.69,4,13.81,13.81,13.57,13.57
2000-01-29,13.63,5,13.51,13.77,13.51,13.74
2000-02-05,13.59,6,13.68,13.75,13.47,13.47
2000-02-12,13.33,7,13.41,13.43,13.24,13.24
2000-02-19,13.14,8,13.18,13.18,13.1,13.1
2000-02-26,13.16,9,13.07,13.27,13.07,13.24
2000-03-04,13.16,10,13.2,13.2,13.09,13.17
2000-03-11,13.30,11,13.04,13.59,13.01,13.58
2000-03-18,13.71,12,13.59,13.83,13.59,13.83
2000-03-25,13.91,13,13.86,13.97,13.83,13.97
2000-04-01,13.97,14,13.99,14.01,13.9,13.98
2000-04-08,13.78,15,13.97,14.04,13.56,13.56
2000-04-15,13.52,16,13.37,13.67,13.37,13.67
2000-04-22,13.77,17,13.7,13.91,13.7,13.78
2000-04-29,13.80,18,13.83,13.88,13.71,13.8
2000-05-06,13.86,19,13.81,13.94,13.76,13.94
2000-05-13,13.94,20,14,14.11,13.83,13.83
2000-05-20,13.62,21,13.71,13.71,13.53,13.53
2000-05-27,13.90,22,13.8,14.06,13.7,14.06
2000-06-03,14.10,23,14.08,14.17,14.08,14.09
2000-06-10,14.06,24,14.13,14.13,13.99,13.99
2000-06-17,13.97,25,14.04,14.04,13.91,13.91
2000-06-24,14.00,26,13.9,14.1,13.9,14.09
2000-07-01,14.24,27,14.26,14.26,14.19,14.24
2000-07-08,14.35,28,14.32,14.41,14.32,14.34
2000-07-15,14.16,29,14.27,14.27,14.05,14.05
2000-07-22,13.85,30,13.99,13.99,13.72,13.72
2000-07-29,13.81,31,13.72,13.91,13.72,13.91
2000-08-05,14.11,32,14.01,14.21,14.01,14.21
2000-08-12,14.30,33,14.27,14.34,14.27,14.31
2000-08-19,14.31,34,14.29,14.35,14.27,14.35
2000-08-26,14.33,35,14.35,14.38,14.23,14.38
2000-09-02,14.27,36,14.36,14.36,14.18,14.18
2000-09-09,14.02,37,14.13,14.13,13.91,13.91
2000-09-16,13.66,38,13.76,13.76,13.56,13.56
2000-09-23,13.61,39,13.59,13.65,13.55,13.65
2000-09-30,13.63,40,13.68,13.69,13.58,13.58
2000-10-07,13.35,41,13.51,13.51,13.2,13.2
2000-10-14,13.13,42,13.23,13.23,13,13.08
2000-10-21,13.24,43,13.15,13.33,13.15,13.33
2000-10-28,13.70,44,13.52,13.88,13.52,13.88
2000-11-04,13.79,45,13.93,13.93,13.66,13.66
2000-11-11,13.65,46,13.59,13.78,13.59,13.64
2000-11-18,13.47,47,13.52,13.52,13.38,13.47
2000-11-25,13.54,48,13.57,13.57,13.47,13.56
2000-12-02,13.74,49,13.69,13.8,13.68,13.78
2000-12-09,12.91,50,13.81,13.81,12.06,12.06
2000-12-16,12.17,51,12.11,12.27,12.05,12.27
2000-12-23,12.47,52,12.33,12.62,12.33,12.62
2000-12-30,12.70,53,12.56,13,12.56,12.68
2001-01-06,12.64,54,12.71,12.71,12.57,12.57
2001-01-13,12.59,55,12.56,12.64,12.56,12.6
2001-01-20,12.66,56,12.65,12.71,12.63,12.67
2001-01-27,12.89,57,12.73,13.07,12.73,13.04
2001-02-03,13.00,58,13.07,13.07,12.93,12.93
2001-02-10,12.98,59,13.02,13.03,12.94,12.94
2001-02-17,12.80,60,12.87,12.87,12.74,12.74
2001-02-24,12.86,61,12.86,12.93,12.82,12.85
2001-03-03,13.00,62,12.92,13.11,12.92,13.04
2001-03-10,12.44,63,12.74,12.74,12.15,12.15
2001-03-17,12.02,64,12.2,12.2,11.74,11.93
2001-03-24,12.15,65,12.16,12.3,12.08,12.08
2001-03-31,12.01,66,11.95,12.24,11.79,12.05
2001-04-07,12.20,67,12.09,12.31,12.09,12.31
2001-04-14,12.43,68,12.26,12.61,12.26,12.6
2001-04-21,12.67,69,12.55,12.8,12.53,12.8
2001-04-28,12.89,70,12.84,12.95,12.82,12.95
2001-05-05,12.93,71,12.97,12.97,12.87,12.91
2001-05-12,13.03,72,12.84,13.23,12.84,13.22
2001-05-19,13.25,73,13.35,13.35,13.16,13.16
2001-05-26,13.08,74,13.13,13.13,13.03,13.05
2001-06-02,13.11,75,13.11,13.15,13.08,13.09
2001-06-09,12.86,76,12.98,12.98,12.75,12.75
2001-06-16,12.75,77,12.74,12.79,12.7,12.77
2001-06-23,12.80,78,12.77,12.85,12.74,12.85
2001-06-30,12.71,79,12.88,12.88,12.54,12.54
2001-07-07,12.63,80,12.56,12.71,12.55,12.71
2001-07-14,12.64,81,12.66,12.66,12.62,12.64
2001-07-21,12.50,82,12.53,12.53,12.42,12.52
2001-07-28,12.67,83,12.56,12.8,12.56,12.75
2001-08-04,12.62,84,12.67,12.68,12.54,12.6
2001-08-11,12.67,85,12.63,12.78,12.63,12.65
2001-08-18,12.75,86,12.63,12.87,12.63,12.87
2001-08-25,12.67,87,12.84,12.84,12.48,12.54
2001-09-01,12.30,88,12.5,12.5,12.1,12.1
2001-09-08,12.01,89,12.01,12.01,12.01,12.01
2001-09-15,10.81,90,11.18,11.18,10.45,10.45
2001-09-22,10.89,91,10.71,11.07,10.71,11.07
2001-09-29,11.18,92,11.02,11.34,11.02,11.34
2001-10-06,11.39,93,11.26,11.55,11.22,11.53
2001-10-13,11.42,94,11.49,11.55,11.33,11.33
2001-10-20,11.45,95,11.35,11.56,11.35,11.56
2001-10-27,11.40,96,11.46,11.46,11.26,11.41
2001-11-03,11.55,97,11.51,11.6,11.51,11.58
2001-11-10,11.70,98,11.51,11.9,11.51,11.9
2001-11-17,11.96,99,12.02,12.02,11.85,11.94
2001-11-24,11.97,100,12.04,12.04,11.86,11.96
2001-12-01,12.05,101,11.87,12.24,11.87,12.21
2001-12-08,11.98,102,12.08,12.08,11.87,11.88
2001-12-15,11.67,103,11.95,11.97,11.38,11.38
2001-12-22,11.47,104,11.39,11.56,11.39,11.56
2001-12-29,11.68,105,11.58,11.8,11.56,11.8
2002-01-05,11.74,106,11.81,11.81,11.68,11.68
2002-01-12,11.55,107,11.59,11.59,11.49,11.53
2002-01-19,11.52,108,11.46,11.59,11.46,11.59
2002-01-26,11.62,109,11.63,11.67,11.55,11.64
2002-02-02,11.51,110,11.56,11.56,11.42,11.49
2002-02-09,11.69,111,11.63,11.76,11.63,11.76
2002-02-16,11.62,112,11.61,11.64,11.61,11.64
2002-02-23,11.86,113,11.71,12.01,11.71,12.01
2002-03-02,12.32,114,12.27,12.41,12.21,12.41
2002-03-09,12.44,115,12.47,12.47,12.35,12.46
2002-03-16,12.47,116,12.46,12.54,12.44,12.44
2002-03-23,12.44,117,12.33,12.55,12.33,12.55
2002-03-30,12.49,118,12.52,12.52,12.45,12.49
2002-04-06,12.51,119,12.46,12.59,12.46,12.54
2002-04-13,12.68,120,12.56,12.8,12.56,12.8
2002-04-20,12.73,121,12.75,12.76,12.71,12.71
2002-04-27,12.76,122,12.66,12.86,12.66,12.86
2002-05-04,12.82,123,12.79,12.92,12.75,12.83
2002-05-11,13.03,124,12.92,13.14,12.92,13.14
2002-05-18,13.06,125,13.08,13.08,13.01,13.07
2002-05-25,13.04,126,13.07,13.07,12.99,13.03
2002-06-01,12.86,127,12.93,12.93,12.8,12.8
2002-06-08,12.58,128,12.79,12.79,12.38,12.38
2002-06-15,12.42,129,12.48,12.54,12.33,12.33
2002-06-22,12.23,130,12.25,12.32,12.05,12.32
2002-06-29,12.15,131,12.26,12.26,11.91,12.19
2002-07-06,11.98,132,12.2,12.2,11.76,11.76
2002-07-13,11.47,133,11.65,11.65,11.29,11.29
2002-07-20,10.81,134,10.96,10.96,10.66,10.66
2002-07-27,10.94,135,11.11,11.11,10.77,10.77
2002-08-03,10.73,136,10.54,10.94,10.54,10.89
2002-08-10,10.88,137,10.78,11.01,10.71,11.01
2002-08-17,11.21,138,11.12,11.37,11.1,11.24
2002-08-24,11.22,139,11.31,11.33,11.11,11.12
2002-08-31,10.85,140,10.84,10.9,10.77,10.89
2002-09-07,10.90,141,10.91,11.06,10.82,10.82
2002-09-14,10.56,142,10.74,10.74,10.39,10.39
2002-09-21,10.17,143,10.21,10.28,10.03,10.15
2002-09-28,9.95,144,10,10.21,9.8,9.8
2002-10-05,9.72,145,9.65,9.88,9.48,9.88
2002-10-12,10.08,146,9.85,10.32,9.85,10.32
2002-10-19,10.41,147,10.44,10.44,10.34,10.41
2002-10-26,10.48,148,10.46,10.59,10.28,10.59
2002-11-02,10.79,149,10.77,10.9,10.74,10.74
2002-11-09,10.67,150,10.54,10.81,10.54,10.81
2002-11-16,10.96,151,10.82,11.12,10.8,11.12
2002-11-23,11.22,152,11.2,11.28,11.13,11.28
2002-11-30,11.22,153,11.37,11.37,11.07,11.09
2002-12-07,10.86,154,10.85,10.99,10.8,10.8
2002-12-14,10.85,155,10.92,10.92,10.76,10.82
2002-12-21,10.80,156,10.86,10.87,10.74,10.74
2002-12-28,10.96,157,10.79,11.13,10.79,11.13
2003-01-04,11.23,158,11.29,11.29,11.07,11.28
2003-01-11,11.26,159,11.3,11.37,11.19,11.19
2003-01-18,11.01,160,11.06,11.07,10.95,10.95
2003-01-25,10.72,161,10.71,10.76,10.69,10.73
2003-02-01,10.65,162,10.79,10.79,10.51,10.51
2003-02-08,10.44,163,10.46,10.48,10.36,10.45
2003-02-15,10.60,164,10.66,10.66,10.53,10.56
2003-02-22,10.43,165,10.44,10.48,10.33,10.48
2003-03-01,10.39,166,10.5,10.5,10.28,10.28
2003-03-08,10.16,167,10.13,10.26,9.98,10.26
2003-03-15,10.61,168,10.44,10.79,10.44,10.79
2003-03-22,10.53,169,10.53,10.6,10.5,10.5
2003-03-29,10.46,170,10.36,10.56,10.36,10.56
2003-04-05,10.66,171,10.71,10.71,10.6,10.61
2003-04-12,10.77,172,10.71,10.84,10.71,10.84
2003-04-19,10.89,173,10.84,11.04,10.84,10.84
2003-04-26,11.10,174,10.97,11.24,10.97,11.24
2003-05-03,11.45,175,11.38,11.54,11.38,11.51
2003-05-10,11.68,176,11.64,11.72,11.64,11.72
2003-05-17,11.64,177,11.53,11.76,11.53,11.76
2003-05-24,11.91,178,11.84,11.98,11.84,11.98
2003-05-31,12.22,179,12.12,12.36,12.05,12.36
2003-06-07,12.36,180,12.27,12.49,12.27,12.42
2003-06-14,12.54,181,12.55,12.64,12.49,12.49
2003-06-21,12.31,182,12.31,12.34,12.24,12.34
2003-06-28,12.46,183,12.32,12.6,12.32,12.6
2003-07-05,12.70,184,12.79,12.79,12.61,12.63
2003-07-12,12.66,185,12.8,12.8,12.48,12.56
2003-07-19,12.63,186,12.52,12.74,12.52,12.74
2003-07-26,12.69,187,12.78,12.78,12.6,12.6
2003-08-02,12.52,188,12.58,12.58,12.42,12.51
2003-08-09,12.71,189,12.6,12.83,12.6,12.82
2003-08-16,12.98,190,12.91,13.08,12.91,13.03
2003-08-23,13.05,191,12.97,13.13,12.96,13.13
2003-08-30,13.39,192,13.32,13.47,13.32,13.47
2003-09-06,13.49,193,13.56,13.56,13.38,13.47
2003-09-13,13.63,194,13.46,13.81,13.46,13.81
2003-09-20,13.63,195,13.73,13.78,13.5,13.5
2003-09-27,13.78,196,13.57,14.02,13.5,14.02
2003-10-04,14.15,197,14.04,14.27,14.04,14.27
2003-10-11,14.37,198,14.35,14.44,14.34,14.34
2003-10-18,14.24,199,14.35,14.38,14.12,14.12
2003-10-25,14.33,200,14.2,14.48,14.2,14.46
2003-11-01,14.53,201,14.56,14.56,14.46,14.55
2003-11-08,14.49,202,14.48,14.58,14.37,14.55
2003-11-15,14.37,203,14.38,14.4,14.32,14.37
2003-11-22,14.63,204,14.48,14.79,14.48,14.79
2003-11-29,14.97,205,14.96,15.01,14.95,14.95
2003-12-06,14.96,206,14.95,15.03,14.83,15.03
2003-12-13,15.07,207,15.01,15.13,15.01,15.13
2003-12-20,15.14,208,15.19,15.19,15.05,15.15
2003-12-27,15.46,209,15.34,15.59,15.34,15.59
2004-01-03,15.95,210,15.84,16.059999,15.84,16.059999
2004-01-10,16.04,211,16.07,16.07,15.99,16.049999
2004-01-17,16.23,212,16.219999,16.27,16.219999,16.23
2004-01-24,16.08,213,16.24,16.25,15.89,15.96
2004-01-31,16.00,214,15.95,16.110001,15.85,16.110001
2004-02-07,16.29,215,16.200001,16.41,16.200001,16.370001
2004-02-14,16.37,216,16.540001,16.540001,16.209999,16.209999
2004-02-21,16.20,217,16.200001,16.24,16.110001,16.24
2004-02-28,16.38,218,16.450001,16.450001,16.23,16.41
2004-03-06,16.01,219,16.309999,16.309999,15.68,15.77
2004-03-13,15.68,220,15.53,15.86,15.53,15.8
2004-03-20,15.66,221,15.61,15.76,15.51,15.76
2004-03-27,16.17,222,15.9,16.440001,15.9,16.440001
2004-04-03,16.47,223,16.49,16.5,16.440001,16.440001
2004-04-10,16.26,224,16.450001,16.450001,16,16.129999
2004-04-17,16.07,225,16.129999,16.129999,15.96,16.07
2004-04-24,15.79,226,16.059999,16.059999,15.52,15.52
2004-05-01,15.47,227,15.53,15.78,15.29,15.29
2004-05-08,14.89,228,14.84,15.03,14.84,14.86
2004-05-15,14.85,229,14.62,15.08,14.62,15.08
2004-05-22,15.32,230,15.11,15.54,15.11,15.54
2004-05-29,15.54,231,15.56,15.6,15.45,15.55
2004-06-05,15.74,232,15.78,15.8,15.67,15.72
2004-06-12,15.61,233,15.52,15.71,15.52,15.71
2004-06-19,15.82,234,15.73,15.93,15.72,15.92
2004-06-26,15.98,235,16,16.030001,15.94,15.94
2004-07-03,15.86,236,15.84,15.91,15.84,15.87
2004-07-10,15.80,237,15.88,15.88,15.7,15.76
2004-07-17,15.62,238,15.75,15.77,15.48,15.48
2004-07-24,15.45,239,15.39,15.52,15.37,15.52
2004-07-31,15.37,240,15.54,15.54,15.21,15.21
2004-08-07,15.17,241,15.18,15.32,15.09,15.11
2004-08-14,15.33,242,15.19,15.47,15.19,15.47
2004-08-21,15.50,243,15.47,15.56,15.42,15.56
2004-08-28,15.60,244,15.51,15.73,15.51,15.64
2004-09-04,15.87,245,15.81,15.94,15.81,15.94
2004-09-11,15.99,246,16.02,16.059999,15.9,15.99
2004-09-18,15.96,247,15.97,16.08,15.9,15.9
2004-09-25,16.04,248,15.82,16.27,15.82,16.27
2004-10-02,16.40,249,16.389999,16.450001,16.379999,16.379999
2004-10-09,16.27,250,16.35,16.35,16.15,16.23
2004-10-16,16.29,251,16.27,16.32,16.25,16.309999
2004-10-23,16.44,252,16.280001,16.6,16.280001,16.6
2004-10-30,16.91,253,16.65,17.18,16.65,17.18
2004-11-06,17.31,254,17.190001,17.440001,17.18,17.440001
2004-11-13,17.55,255,17.530001,17.620001,17.469999,17.58
2004-11-20,17.68,256,17.530001,17.83,17.530001,17.83
2004-11-27,18.00,257,17.889999,18.120001,17.870001,18.120001
2004-12-04,17.92,258,18.08,18.08,17.76,17.76
2004-12-11,17.77,259,17.879999,18.08,17.559999,17.559999
2004-12-18,17.76,260,17.67,17.860001,17.67,17.860001
2004-12-25,17.99,261,17.93,18.059999,17.93,18.059999
2005-01-01,17.76,262,17.969999,17.969999,17.559999,17.559999
2005-01-08,17.66,263,17.629999,17.700001,17.629999,17.68
2005-01-15,17.63,264,17.75,17.75,17.52,17.52
2005-01-22,17.57,265,17.5,17.65,17.49,17.65
2005-01-29,17.89,266,17.780001,18,17.780001,18
2005-02-05,17.99,267,17.98,18.059999,17.870001,18.059999
2005-02-12,18.20,268,18.16,18.25,18.16,18.25
2005-02-19,18.32,269,18.190001,18.450001,18.18,18.450001
2005-02-26,18.57,270,18.450001,18.690001,18.450001,18.690001
2005-03-05,18.61,271,18.66,18.690001,18.540001,18.540001
2005-03-12,18.43,272,18.52,18.52,18.35,18.35
2005-03-19,18.10,273,18.24,18.24,17.969999,17.969999
2005-03-26,17.92,274,17.93,18.01,17.76,18
2005-04-02,18.02,275,17.940001,18.17,17.940001,18.049999
2005-04-09,17.82,276,18.110001,18.110001,17.530001,17.530001
2005-04-16,17.52,277,17.4,17.690001,17.4,17.6
2005-04-23,17.54,278,17.690001,17.690001,17.32,17.450001
2005-04-30,17.61,279,17.48,17.74,17.48,17.74
2005-05-07,17.56,280,17.799999,17.799999,17.33,17.33
2005-05-14,17.50,281,17.370001,17.65,17.370001,17.6
2005-05-21,17.71,282,17.690001,17.76,17.620001,17.76
2005-05-28,17.79,283,17.709999,17.9,17.709999,17.860001
2005-06-04,17.92,284,17.91,17.950001,17.91,17.93
2005-06-11,18.12,285,17.91,18.34,17.91,18.34
2005-06-18,18.16,286,18.290001,18.290001,18.030001,18.030001
2005-06-25,18.03,287,18.01,18.120001,17.99,18.01
2005-07-02,18.10,288,18.059999,18.18,17.99,18.18
2005-07-09,18.40,289,18.35,18.459999,18.35,18.440001
2005-07-16,18.55,290,18.41,18.690001,18.41,18.690001
2005-07-23,18.72,291,18.6,18.85,18.6,18.83
2005-07-30,18.91,292,18.92,19.1,18.809999,18.809999
2005-08-06,19.04,293,18.870001,19.24,18.870001,19.18
2005-08-13,18.99,294,19.17,19.17,18.790001,18.82
2005-08-20,18.88,295,19,19,18.77,18.77
2005-08-27,18.96,296,18.780001,19.17,18.709999,19.17
2005-09-03,19.35,297,19.309999,19.42,19.24,19.42
2005-09-10,19.36,298,19.370001,19.41,19.24,19.41
2005-09-17,19.30,299,19.34,19.34,19.26,19.27
2005-09-24,19.55,300,19.389999,19.719999,19.379999,19.719999
2005-10-01,19.39,301,19.690001,19.690001,19.040001,19.15
2005-10-08,18.94,302,19.030001,19.059999,18.75,18.91
2005-10-15,18.68,303,18.879999,18.879999,18.42,18.530001
2005-10-22,18.71,304,18.799999,18.799999,18.540001,18.709999
2005-10-29,19.10,305,18.92,19.360001,18.92,19.219999
2005-11-05,19.23,306,19.25,19.27,19.15,19.27
2005-11-12,19.30,307,19.23,19.440001,19.110001,19.440001
2005-11-19,19.63,308,19.559999,19.719999,19.559999,19.690001
2005-11-26,19.70,309,19.57,19.85,19.530001,19.85
2005-12-03,19.89,310,19.84,19.950001,19.84,19.950001
2005-12-10,19.80,311,20.08,20.18,19.469999,19.469999
2005-12-17,19.52,312,19.4,19.639999,19.4,19.639999
2005-12-24,19.53,313,19.5,19.629999,19.5,19.51
2005-12-31,20.10,314,19.92,20.290001,19.92,20.290001
2006-01-07,20.29,315,20.35,20.35,20.219999,20.24
2006-01-14,19.98,316,20.1,20.120001,19.85,19.870001
2006-01-21,20.29,317,20.02,20.559999,20.02,20.559999
2006-01-28,20.46,318,20.559999,20.639999,20.32,20.32
2006-02-04,20.30,319,20.43,20.43,20.18,20.18
2006-02-11,20.22,320,20.059999,20.389999,20.059999,20.370001
2006-02-18,20.51,321,20.43,20.6,20.43,20.6
2006-02-25,20.63,322,20.700001,20.709999,20.5,20.620001
2006-03-04,20.37,323,20.49,20.49,20.18,20.34
2006-03-11,20.73,324,20.48,20.99,20.48,20.99
2006-03-18,20.98,325,21.01,21.02,20.860001,21.02
2006-03-25,21.10,326,21.040001,21.26,20.940001,21.18
2006-04-01,21.47,327,21.35,21.719999,21.35,21.48
2006-04-08,21.40,328,21.5,21.5,21.290001,21.32
2006-04-15,21.74,329,21.42,22.07,21.42,22.07
2006-04-22,21.97,330,21.99,21.99,21.93,21.959999
2006-04-29,22.33,331,22.049999,22.610001,22.049999,22.610001
2006-05-06,22.42,332,22.690001,22.73,22.129999,22.129999
2006-05-13,21.53,333,21.889999,21.889999,21.15,21.200001
2006-05-20,21.06,334,20.780001,21.34,20.780001,21.34
2006-05-27,21.21,335,20.959999,21.459999,20.959999,21.459999
2006-06-03,20.65,336,21.049999,21.049999,20.23,20.280001
2006-06-10,20.02,337,19.969999,20.35,19.51,20.26
2006-06-17,20.19,338,20.059999,20.33,20.059999,20.32
2006-06-24,20.79,339,20.4,21.27,20.25,21.27
2006-07-01,21.34,340,21.48,21.48,21.17,21.25
2006-07-08,20.94,341,21.33,21.35,20.540001,20.540001
2006-07-15,20.47,342,20.290001,20.780001,20.290001,20.51
2006-07-22,21.17,343,20.9,21.440001,20.9,21.440001
2006-07-29,21.42,344,21.4,21.540001,21.209999,21.540001
2006-08-05,21.34,345,21.41,21.41,21.27,21.27
2006-08-12,21.58,346,21.309999,21.889999,21.309999,21.83
2006-08-19,21.67,347,21.77,21.780001,21.57,21.57
2006-08-26,21.80,348,21.66,21.940001,21.66,21.940001
2006-09-02,21.82,349,22.08,22.08,21.559999,21.559999
2006-09-09,21.54,350,21.4,21.709999,21.4,21.66
2006-09-16,21.74,351,21.799999,21.809999,21.67,21.67
2006-09-23,21.88,352,21.780001,21.99,21.780001,21.959999
2006-09-30,22.12,353,21.98,22.360001,21.92,22.24
2006-10-07,22.43,354,22.25,22.610001,22.25,22.610001
2006-10-14,22.69,355,22.76,22.76,22.6,22.66
2006-10-21,22.87,356,22.75,23.09,22.75,22.889999
2006-10-28,22.87,357,22.879999,22.940001,22.83,22.85
2006-11-04,23.17,358,23.15,23.24,23.110001,23.200001
2006-11-11,23.27,359,23.190001,23.379999,23.190001,23.32
2006-11-18,23.39,360,23.26,23.549999,23.26,23.51
2006-11-25,23.41,361,23.219999,23.639999,23.219999,23.58
2006-12-02,23.85,362,23.790001,23.92,23.790001,23.92
2006-12-09,24.03,363,23.950001,24.16,23.889999,24.110001
2006-12-16,23.36,364,24.01,24.01,22.73,22.73
2006-12-23,22.91,365,22.84,23.040001,22.84,22.92
2006-12-30,22.81,366,22.950001,22.950001,22.67,22.67
2007-01-06,22.80,367,22.73,22.950001,22.58,22.950001
2007-01-13,23.01,368,22.959999,23.08,22.940001,23.08
2007-01-20,23.11,369,22.98,23.42,22.98,23.07
2007-01-27,23.30,370,23.059999,23.540001,23.059999,23.540001
2007-02-03,23.52,371,23.469999,23.66,23.469999,23.49
2007-02-10,23.70,372,23.4,24,23.4,24
2007-02-17,24.08,373,24.08,24.1,24.030001,24.1
2007-02-24,23.47,374,24.129999,24.129999,22.83,22.83
2007-03-03,22.89,375,22.450001,23.33,22.450001,23.33
2007-03-10,23.19,376,23.43,23.43,22.91,23
2007-03-17,23.64,377,23.35,23.93,23.35,23.93
2007-03-24,23.83,378,23.93,23.93,23.65,23.799999
2007-03-31,24.13,379,23.91,24.360001,23.91,24.360001
2007-04-07,24.47,380,24.34,24.610001,24.34,24.610001
2007-04-14,24.95,381,24.91,25.07,24.77,25.07
2007-04-21,25.06,382,24.969999,25.25,24.940001,25.1
2007-04-28,25.14,383,24.870001,25.42,24.870001,25.42
2007-05-05,25.42,384,25.52,25.540001,25.139999,25.5
2007-05-12,25.56,385,25.42,25.709999,25.42,25.709999
2007-05-19,25.65,386,25.719999,25.780001,25.469999,25.639999
2007-05-26,25.99,387,25.74,26.25,25.74,26.25
2007-06-02,25.87,388,26.299999,26.299999,25.34,25.57
2007-06-09,25.83,389,25.65,26.18,25.33,26.18
2007-06-16,26.05,390,26.200001,26.25,25.879999,25.879999
2007-06-23,25.81,391,25.77,25.92,25.620001,25.92
2007-06-30,26.49,392,26.309999,26.67,26.309999,26.67
2007-07-07,26.92,393,26.790001,27.209999,26.469999,27.209999
2007-07-14,26.98,394,27.110001,27.129999,26.85,26.85
2007-07-21,26.07,395,27.030001,27.030001,25.139999,25.139999
2007-07-28,25.17,396,25.57,25.57,24.780001,24.780001
2007-08-04,24.97,397,25.23,25.58,24.540001,24.540001
2007-08-11,24.20,398,24.709999,24.709999,23.450001,23.950001
2007-08-18,24.60,399,24.08,25.129999,24.08,25.129999
2007-08-25,24.91,400,24.92,25.24,24.26,25.24
2007-09-01,25.18,401,25.530001,25.530001,24.83,24.83
2007-09-08,25.01,402,24.709999,25.32,24.709999,25.290001
2007-09-15,25.63,403,25.049999,26.23,25.049999,26.23
2007-09-22,26.32,404,26.110001,26.549999,26.110001,26.51
2007-09-29,27.10,405,26.93,27.34,26.809999,27.34
2007-10-06,27.41,406,27.209999,27.610001,27.209999,27.610001
2007-10-13,26.97,407,27.34,27.34,26.6,26.6
2007-10-20,26.96,408,26.540001,27.389999,26.540001,27.389999
2007-10-27,27.35,409,27.620001,27.780001,26.950001,27.040001
2007-11-03,26.44,410,26.68,27.129999,25.98,25.98
2007-11-10,25.65,411,25.41,26.17,25.41,25.629999
2007-11-17,25.05,412,24.969999,25.25,24.75,25.23
2007-11-24,25.40,413,24.76,26.059999,24.76,26.059999
2007-12-01,26.12,414,25.91,26.440001,25.690001,26.440001
2007-12-08,25.99,415,26.58,26.58,25.41,25.41
2007-12-15,23.33,416,23.01,23.65,23.01,23.65
2007-12-22,23.84,417,23.84,23.92,23.74,23.860001
2007-12-29,23.26,418,23.709999,23.709999,22.809999,22.809999
2008-01-05,22.63,419,22.719999,22.83,22.49,22.49
2008-01-12,21.94,420,22.74,22.74,21.15,21.17
2008-01-19,20.84,421,20.58,21.219999,20.58,20.99
2008-01-26,21.60,422,21.23,21.98,21.23,21.98
2008-02-02,21.30,423,21.85,21.85,20.77,20.77
2008-02-09,21.12,424,20.83,21.450001,20.83,21.370001
2008-02-16,21.62,425,21.58,21.709999,21.5,21.709999
2008-02-23,21.80,426,22,22.27,21.469999,21.469999
2008-03-01,21.12,427,21.41,21.459999,20.799999,20.799999
2008-03-08,20.66,428,20.379999,21.17,20.379999,20.709999
2008-03-15,20.51,429,20.209999,21.01,20.209999,20.620001
2008-03-22,21.05,430,20.969999,21.280001,20.969999,20.99
2008-03-29,21.49,431,21.08,21.91,21.08,21.91
2008-04-05,21.76,432,22.049999,22.049999,21.469999,21.469999
2008-04-12,21.92,433,21.469999,22.379999,21.469999,22.379999
2008-04-19,22.41,434,22.450001,22.469999,22.25,22.469999
2008-04-26,22.61,435,22.49,22.82,22.33,22.82
2008-05-03,22.78,436,22.809999,22.969999,22.639999,22.700001
2008-05-10,23.27,437,22.950001,23.610001,22.93,23.610001
2008-05-17,23.14,438,23.530001,23.530001,22.76,22.76
2008-05-24,22.91,439,22.790001,23.030001,22.790001,23.030001
2008-05-31,22.64,440,22.85,22.99,22.370001,22.370001
2008-06-07,22.08,441,22.34,22.34,21.690001,21.940001
2008-06-14,21.74,442,22.059999,22.129999,21.4,21.4
2008-06-21,21.15,443,21.309999,21.450001,20.9,20.93
2008-06-28,20.63,444,20.92,20.92,20.33,20.370001
2008-07-05,20.13,445,20.24,20.389999,19.950001,19.950001
2008-07-12,19.93,446,19.85,20.190001,19.51,20.18
2008-07-19,20.21,447,20.33,20.49,20.01,20.01
2008-07-26,19.91,448,19.709999,20.32,19.709999,19.92
2008-08-02,19.78,449,19.559999,20.120001,19.559999,19.879999
2008-08-09,19.78,450,19.959999,19.959999,19.6,19.6
2008-08-16,19.32,451,19.379999,19.42,19.08,19.42
2008-08-23,19.27,452,19.08,19.540001,19.07,19.41
2008-08-30,18.76,453,19.15,19.15,18.360001,18.379999
2008-09-06,18.43,454,18.719999,18.719999,17.950001,18.34
2008-09-13,17.65,455,17.469999,18.27,16.66,18.27
2008-09-20,17.70,456,17.84,17.85,17.48,17.629999
2008-09-27,15.94,457,15.98,16.65,15.57,15.57
2008-10-04,13.61,458,14.68,14.68,12.62,12.62
2008-10-11,13.43,459,14.07,14.07,12.69,12.95
2008-10-18,12.62,460,13.62,13.62,11.69,11.69
2008-10-25,12.04,461,11.14,13.02,11.14,13.02
2008-11-01,12.96,462,13.09,13.69,12.34,12.76
2008-11-08,12.14,463,12.62,12.62,11.58,11.76
2008-11-15,10.95,464,11.48,11.52,10.11,10.77
2008-11-22,11.70,465,11.44,11.97,11.44,11.97
2008-11-29,11.31,466,11.03,11.61,11.03,11.6
2008-12-06,12.08,467,12.08,12.2,11.92,12.13
2008-12-13,12.26,468,12.04,12.65,12.04,12.33
2008-12-20,11.86,469,12.14,12.14,11.58,11.58
2008-12-27,11.98,470,11.64,12.33,11.64,12.33
2009-01-03,12.19,471,12.32,12.44,12,12
2009-01-10,11.51,472,11.73,11.73,11.25,11.33
2009-01-17,10.78,473,10.66,11.02,10.66,10.78
2009-01-24,10.98,474,10.92,11.41,10.8,10.8
2009-01-31,11.03,475,10.74,11.32,10.74,11.32
2009-02-07,11.05,476,11.3,11.3,10.8,10.8
2009-02-14,10.10,477,10.24,10.24,9.96,9.96
2009-02-21,9.69,478,9.65,9.95,9.59,9.59
2009-02-28,9.16,479,9.12,9.4,9.04,9.07
2009-03-07,9.37,480,8.92,9.85,8.92,9.85
2009-03-14,10.06,481,9.87,10.34,9.87,10.17
2009-03-21,10.79,482,10.84,11,10.6,10.74
2009-03-28,10.77,483,10.32,11.24,10.32,11.24
2009-04-04,11.21,484,11.17,11.37,10.93,11.37
2009-04-11,11.50,485,11.46,11.62,11.3,11.62
2009-04-18,11.43,486,11.19,11.68,11.19,11.68
2009-04-25,11.68,487,11.51,11.89,11.42,11.89
2009-05-02,12.53,488,12.33,12.73,12.32,12.73
2009-05-09,12.32,489,12.48,12.48,12.15,12.18
2009-05-16,12.62,490,12.59,12.71,12.58,12.6
2009-05-23,12.89,491,12.85,13.02,12.67,13.02
2009-05-30,13.25,492,13.38,13.39,13.12,13.13
2009-06-06,13.16,493,13.04,13.29,13.04,13.26
2009-06-13,12.81,494,12.85,12.85,12.71,12.84
2009-06-20,12.66,495,12.47,12.86,12.47,12.86
2009-06-27,12.84,496,12.98,13.04,12.67,12.67
2009-07-04,12.51,497,12.65,12.65,12.37,12.37
2009-07-11,12.87,498,12.56,13.18,12.56,13.18
2009-07-18,13.63,499,13.44,13.83,13.44,13.83
2009-07-25,13.97,500,13.89,14.11,13.78,14.11
2009-08-01,14.41,501,14.43,14.45,14.32,14.45
2009-08-08,14.41,502,14.39,14.56,14.23,14.45
2009-08-15,14.37,503,14.03,14.71,14.03,14.71
2009-08-22,14.79,504,14.74,14.85,14.74,14.85
2009-08-29,14.67,505,14.74,14.77,14.41,14.77
2009-09-05,15.16,506,14.99,15.33,14.99,15.33
2009-09-12,15.53,507,15.37,15.72,15.37,15.67
2009-09-19,15.46,508,15.57,15.73,15.28,15.28
2009-09-26,15.24,509,15.48,15.49,14.99,14.99
2009-10-03,15.47,510,15.21,15.74,15.21,15.74
2009-10-10,15.89,511,15.8,16.1,15.74,15.92
2009-10-17,15.95,512,16.120001,16.120001,15.79,15.79
2009-10-24,15.28,513,15.58,15.58,14.98,14.98
2009-10-31,15.26,514,15.06,15.46,15.06,15.46
2009-11-07,15.82,515,15.85,15.89,15.71,15.83
2009-11-14,15.89,516,16.110001,16.110001,15.67,15.67
2009-11-21,15.75,517,15.91,15.97,15.56,15.56
2009-11-28,15.77,518,15.59,15.95,15.59,15.95
2009-12-05,15.84,519,15.92,15.92,15.71,15.83
2009-12-12,15.83,520,15.94,15.96,15.7,15.72
2009-12-19,15.95,521,15.81,16.1,15.81,16.1
2009-12-26,15.90,522,16.129999,16.139999,15.67,15.67
2010-01-02,16.12,523,16.040001,16.200001,16.040001,16.200001
2010-01-09,16.18,524,16.26,16.27,16.09,16.110001
2010-01-16,15.85,525,16.280001,16.280001,15.43,15.43
2010-01-23,15.29,526,15.51,15.51,15.08,15.08
2010-01-30,15.09,527,15.29,15.48,14.8,14.8
2010-02-06,14.85,528,14.68,15.05,14.68,15
2010-02-13,15.32,529,15.25,15.42,15.25,15.38
2010-02-20,15.32,530,15.4,15.4,15.18,15.3
2010-02-27,15.72,531,15.52,15.92,15.52,15.92
2010-03-06,16.03,532,15.96,16.110001,15.95,16.110001
2010-03-13,16.13,533,16.030001,16.32,16.030001,16.16
2010-03-20,16.25,534,16.24,16.34,16.18,16.26
2010-03-27,16.51,535,16.41,16.620001,16.379999,16.620001
2010-04-03,16.76,536,16.719999,16.82,16.67,16.82
2010-04-10,16.81,537,16.83,17,16.709999,16.709999
2010-04-17,16.79,538,16.68,16.9,16.68,16.9
2010-04-24,16.68,539,16.91,16.91,16.440001,16.48
2010-05-01,15.85,540,16.6,16.6,15.14,15.14
2010-05-08,15.73,541,15.85,16.01,15.54,15.54
2010-05-15,15.12,542,15.5,15.5,14.64,14.84
2010-05-22,14.83,543,14.67,15.13,14.54,14.98
2010-05-29,14.80,544,14.76,15.15,14.65,14.65
2010-06-05,14.72,545,14.42,15.02,14.42,15.02
2010-06-12,15.27,546,15.1,15.45,15.1,15.44
2010-06-19,15.24,547,15.46,15.46,15,15.03
2010-06-26,14.68,548,14.99,14.99,14.38,14.38
2010-07-03,14.85,549,14.55,15.16,14.55,15.16
2010-07-10,15.16,550,15.15,15.43,15.03,15.03
2010-07-17,15.30,551,15.08,15.56,15.02,15.56
2010-07-24,15.66,552,15.7,15.7,15.6,15.63
2010-07-31,16.02,553,16.030001,16.040001,15.98,16.02
2010-08-07,15.74,554,16.1,16.1,15.38,15.38
2010-08-14,15.44,555,15.42,15.64,15.35,15.35
2010-08-21,15.22,556,15.28,15.28,15.05,15.27
2010-08-28,15.49,557,15.1,15.9,15.1,15.9
2010-09-04,15.84,558,15.71,15.98,15.71,15.98
2010-09-11,16.26,559,16.23,16.32,16.23,16.26
2010-09-18,16.55,560,16.52,16.68,16.33,16.68
2010-09-25,16.75,561,16.65,16.85,16.65,16.85
2010-10-02,16.96,562,16.719999,17.200001,16.719999,17.200001
2010-10-09,17.33,563,17.209999,17.459999,17.209999,17.43
2010-10-16,17.39,564,17.5,17.5,17.139999,17.43
2010-10-23,17.43,565,17.51,17.51,17.309999,17.4
2010-10-30,17.75,566,17.43,18.08,17.43,18.08
2010-11-06,17.83,567,18.030001,18.030001,17.639999,17.639999
2010-11-13,17.54,568,17.6,17.639999,17.280001,17.639999
2010-11-20,17.41,569,17.59,17.59,17.219999,17.24
2010-11-27,17.45,570,17.17,17.809999,17.030001,17.809999
2010-12-04,17.83,571,17.799999,17.879999,17.780001,17.879999
2010-12-11,17.89,572,17.950001,17.98,17.790001,17.83
2010-12-18,17.93,573,17.84,18.030001,17.84,18.030001
2010-12-25,17.90,574,18.02,18.02,17.700001,17.860001
2011-01-01,18.01,575,18.040001,18.09,17.950001,17.950001
2011-01-08,18.12,576,17.889999,18.360001,17.889999,18.360001
2011-01-15,18.27,577,18.4,18.4,18.129999,18.139999
2011-01-22,18.19,578,18.24,18.41,18.059999,18.059999
2011-01-29,18.34,579,18.129999,18.559999,18.129999,18.559999
2011-02-05,18.57,580,18.59,18.67,18.48,18.530001
2011-02-12,18.71,581,18.610001,18.84,18.57,18.84
2011-02-19,18.40,582,18.4,18.469999,18.26,18.469999
2011-02-26,18.61,583,18.629999,18.75,18.41,18.67
2011-03-05,18.42,584,18.52,18.629999,18.25,18.299999
2011-03-12,17.92,585,18.1,18.1,17.52,17.98
2011-03-19,18.38,586,18.290001,18.49,18.26,18.48
2011-03-26,18.65,587,18.43,18.879999,18.43,18.879999
2011-04-02,18.95,588,18.91,18.99,18.91,18.99
2011-04-09,18.88,589,18.950001,18.950001,18.76,18.860001
2011-04-16,18.89,590,18.57,19.209999,18.57,19.209999
2011-04-23,19.39,591,19.209999,19.58,19.209999,19.58
2011-04-30,19.30,592,19.57,19.57,19,19.08
2011-05-07,19.10,593,19.17,19.33,18.950001,18.950001
2011-05-14,18.89,594,18.85,19.040001,18.809999,18.879999
2011-05-21,18.72,595,18.530001,18.92,18.530001,18.92
2011-05-28,18.96,596,19.18,19.18,18.75,18.75
2011-06-04,18.43,597,18.540001,18.620001,18.280001,18.280001
2011-06-11,18.28,598,18.290001,18.530001,18.120001,18.18
2011-06-18,18.28,599,18.200001,18.530001,18.200001,18.200001
2011-06-25,18.76,600,18.32,19.219999,18.32,19.219999
2011-07-02,19.20,601,19.190001,19.309999,19.15,19.16
2011-07-09,18.68,602,18.690001,18.76,18.57,18.709999
2011-07-16,18.77,603,18.440001,19.110001,18.440001,19.110001
2011-07-23,18.76,604,18.98,19.02,18.530001,18.530001
2011-07-30,17.65,605,18.4,18.4,16.93,16.93
2011-08-06,16.16,606,15.77,16.549999,15.77,16.549999
2011-08-13,16.35,607,16.91,16.91,15.8,15.8
2011-08-20,16.07,608,15.82,16.35,15.82,16.299999
2011-08-27,16.64,609,16.719999,16.99,16.43,16.43
2011-09-03,16.11,610,16.08,16.57,15.9,15.9
2011-09-10,16.16,611,15.83,16.49,15.83,16.49
2011-09-17,15.68,612,16.200001,16.200001,15.15,15.22
2011-09-24,15.41,613,15.41,15.75,15.24,15.24
2011-10-01,15.15,614,14.75,15.6,14.75,15.54
2011-10-08,16.28,615,16.059999,16.51,16.059999,16.51
2011-10-15,16.33,616,16.200001,16.49,16.16,16.49
2011-10-22,17.03,617,16.83,17.4,16.549999,17.360001
2011-10-29,16.68,618,16.790001,16.85,16.33,16.76
2011-11-05,16.74,619,16.84,17.01,16.34,16.77
2011-11-12,16.34,620,16.58,16.59,16.09,16.09
2011-11-19,15.49,621,15.74,15.74,15.24,15.24
2011-11-26,16.11,622,15.75,16.49,15.75,16.459999
2011-12-03,16.46,623,16.610001,16.610001,16.200001,16.440001
2011-12-10,15.95,624,16.129999,16.129999,15.73,15.82
2011-12-17,15.99,625,15.62,16.360001,15.62,16.360001
2011-12-24,15.89,626,15.96,15.96,15.73,15.91
2011-12-31,16.21,627,16.26,16.26,16.16,16.16
2012-01-07,16.32,628,16.200001,16.48,16.200001,16.389999
2012-01-14,16.70,629,16.52,16.889999,16.52,16.889999
2012-01-21,17.00,630,16.950001,17.08,16.9,17.08
2012-01-28,17.27,631,16.959999,17.58,16.959999,17.58
2012-02-04,17.51,632,17.51,17.67,17.43,17.43
2012-02-11,17.65,633,17.6,17.75,17.51,17.75
2012-02-18,17.75,634,17.719999,17.82,17.66,17.82
2012-02-25,17.84,635,17.77,17.959999,17.77,17.879999
2012-03-03,17.72,636,17.790001,17.85,17.379999,17.85
2012-03-10,17.98,637,17.790001,18.17,17.790001,18.17
2012-03-17,18.08,638,18.219999,18.219999,17.9,17.99
2012-03-24,18.13,639,18.23,18.23,18,18.07
2012-03-31,18.04,640,18.24,18.24,17.84,17.84
2012-04-07,17.59,641,17.68,17.780001,17.34,17.549999
2012-04-14,17.68,642,17.59,17.809999,17.59,17.74
2012-04-21,17.74,643,17.52,17.969999,17.52,17.969999
2012-04-28,17.70,644,17.889999,17.950001,17.48,17.48
2012-05-05,17.33,645,17.52,17.52,17.15,17.15
2012-05-12,16.53,646,16.9,16.9,16.17,16.17
2012-05-19,16.40,647,16.459999,16.459999,16.35,16.35
2012-05-26,16.25,648,16.610001,16.610001,15.89,15.89
2012-06-02,16.17,649,15.87,16.469999,15.87,16.469999
2012-06-09,16.48,650,16.280001,16.68,16.280001,16.68
2012-06-16,16.79,651,16.75,17.030001,16.639999,16.73
2012-06-23,16.79,652,16.450001,17.129999,16.450001,17.129999
2012-06-30,17.19,653,17.209999,17.379999,17.09,17.09
2012-07-07,16.95,654,17.02,17.02,16.75,17.01
2012-07-14,17.04,655,17,17.190001,16.99,16.99
2012-07-21,16.94,656,16.75,17.190001,16.620001,17.190001
2012-07-28,17.22,657,17.23,17.34,16.959999,17.34
2012-08-04,17.52,658,17.42,17.629999,17.42,17.629999
2012-08-11,17.68,659,17.6,17.77,17.6,17.77
2012-08-18,17.71,660,17.75,17.76,17.639999,17.709999
2012-08-25,17.62,661,17.67,17.67,17.52,17.639999
2012-09-01,17.86,662,17.639999,18.09,17.620001,18.09
2012-09-08,18.31,663,18.01,18.620001,18.01,18.620001
2012-09-15,18.46,664,18.5,18.5,18.41,18.43
2012-09-22,18.28,665,18.4,18.4,18.129999,18.209999
2012-09-29,18.44,666,18.280001,18.6,18.280001,18.6
2012-10-06,18.36,667,18.5,18.5,18.200001,18.24
2012-10-13,18.44,668,18.370001,18.66,18.370001,18.370001
2012-10-20,18.30,669,18.43,18.43,18.139999,18.200001
2012-10-27,18.28,670,18.24,18.41,18.24,18.24
2012-11-03,18.12,671,18.26,18.389999,17.91,17.940001
2012-11-10,17.76,672,17.91,17.91,17.559999,17.65
2012-11-17,18.14,673,17.969999,18.309999,17.969999,18.309999
2012-11-24,18.36,674,18.27,18.48,18.200001,18.48
2012-12-01,18.57,675,18.469999,18.68,18.469999,18.68
2012-12-08,18.73,676,18.690001,18.809999,18.690001,18.73
2012-12-15,18.96,677,18.870001,19.129999,18.870001,18.959999
2012-12-22,18.70,678,18.950001,18.950001,18.450001,18.450001
2012-12-29,18.89,679,18.67,19.120001,18.67,19.120001
2013-01-05,19.14,680,19.07,19.24,19.01,19.23
2013-01-12,19.30,681,19.24,19.379999,19.209999,19.379999
2013-01-19,19.53,682,19.43,19.639999,19.42,19.639999
2013-01-26,19.65,683,19.540001,19.76,19.540001,19.76
2013-02-02,19.59,684,19.51,19.67,19.51,19.67
2013-02-09,19.70,685,19.65,19.77,19.65,19.74
2013-02-16,19.76,686,19.92,19.92,19.51,19.690001
2013-02-23,19.54,687,19.360001,19.73,19.360001,19.73
2013-03-02,19.96,688,19.82,20.110001,19.82,20.110001
2013-03-09,20.18,689,20.16,20.24,20.09,20.23
2013-03-16,20.06,690,20.07,20.17,19.950001,20.059999
2013-03-23,20.10,691,19.98,20.219999,19.98,20.219999
2013-03-30,20.00,692,20.09,20.129999,19.889999,19.889999
2013-04-06,20.20,693,20.02,20.42,20.02,20.360001
2013-04-13,19.96,694,19.92,20.23,19.76,19.950001
2013-04-20,20.24,695,20.030001,20.48,20.030001,20.43
2013-04-27,20.72,696,20.59,20.879999,20.540001,20.879999
2013-05-04,21.02,697,20.9,21.17,20.9,21.129999
2013-05-11,21.27,698,21.110001,21.440001,21.110001,21.440001
2013-05-18,21.28,699,21.459999,21.5,21.09,21.09
2013-05-25,21.03,700,21.209999,21.209999,20.85,20.85
2013-06-01,20.81,701,20.91,20.91,20.549999,20.879999
2013-06-08,20.74,702,20.889999,20.889999,20.549999,20.65
2013-06-15,20.49,703,20.860001,20.98,20.040001,20.08
2013-06-22,20.07,704,19.780001,20.370001,19.780001,20.35
2013-06-29,20.51,705,20.540001,20.540001,20.43,20.540001
2013-07-06,20.91,706,20.610001,21.209999,20.610001,21.209999
2013-07-13,21.27,707,21.26,21.33,21.17,21.32
2013-07-20,21.37,708,21.360001,21.440001,21.33,21.360001
2013-07-27,21.44,709,21.24,21.65,21.24,21.65
2013-08-03,21.61,710,21.67,21.67,21.5,21.620001
2013-08-10,21.44,711,21.59,21.65,21.27,21.27
2013-08-17,21.17,712,21.139999,21.280001,20.98,21.280001
2013-08-24,20.97,713,21.190001,21.190001,20.76,20.76
2013-08-31,21.10,714,20.98,21.23,20.98,21.23
2013-09-07,21.63,715,21.48,21.799999,21.48,21.780001
2013-09-14,22.11,716,21.959999,22.34,21.959999,22.190001
2013-09-21,22.10,717,22.110001,22.16,22.07,22.08
2013-09-28,22.01,718,21.940001,22.129999,21.940001,22.049999
2013-10-05,21.98,719,21.870001,22.219999,21.629999,22.219999
2013-10-12,22.47,720,22.290001,22.709999,22.16,22.709999
2013-10-19,22.77,721,22.709999,22.870001,22.690001,22.82
2013-10-26,22.77,722,22.809999,22.91,22.690001,22.690001
2013-11-02,22.65,723,22.75,22.75,22.459999,22.65
2013-11-09,22.83,724,22.65,23.040001,22.6,23.040001
2013-11-16,23.06,725,23.030001,23.16,22.889999,23.16
2013-11-23,23.18,726,23.120001,23.24,23.120001,23.24
2013-11-30,23.06,727,23.17,23.17,22.83,23.08
2013-12-07,22.95,728,23.129999,23.129999,22.77,22.77
2013-12-14,23.10,729,22.950001,23.299999,22.860001,23.299999
2013-12-21,23.39,730,23.49,23.52,23.24,23.33
2013-12-28,23.30,731,23.389999,23.469999,23.17,23.17
2014-01-04,23.25,732,23.120001,23.389999,23.120001,23.389999
2014-01-11,23.32,733,23.190001,23.49,23.190001,23.4
2014-01-18,23.18,734,23.52,23.58,22.809999,22.809999
2014-01-25,22.68,735,22.629999,22.82,22.629999,22.629999
2014-02-01,22.51,736,22.17,22.85,22.17,22.85
2014-02-08,23.06,737,22.809999,23.32,22.809999,23.32
2014-02-15,23.41,738,23.42,23.459999,23.309999,23.459999
2014-02-22,23.71,739,23.639999,23.799999,23.620001,23.799999
2014-03-01,23.75,740,23.48,24.040001,23.48,24
2014-03-08,23.67,741,23.91,23.91,23.43,23.43
2014-03-15,23.65,742,23.629999,23.83,23.57,23.57
2014-03-22,23.62,743,23.51,23.74,23.51,23.74
2014-03-29,23.98,744,23.950001,24.18,23.889999,23.889999
2014-04-05,23.64,745,23.68,24.049999,23.41,23.41
2014-04-12,23.73,746,23.549999,23.91,23.549999,23.91
2014-04-19,23.90,747,23.959999,24.07,23.780001,23.780001
2014-04-26,23.92,748,23.790001,24.059999,23.790001,24.059999
2014-05-03,24.01,749,24.040001,24.040001,23.950001,24
2014-05-10,24.15,750,24.23,24.24,24.040001,24.1
2014-05-17,24.24,751,24.18,24.370001,24.030001,24.370001
2014-05-24,24.52,752,24.469999,24.58,24.469999,24.549999
2014-05-31,24.75,753,24.6,24.9,24.6,24.9
2014-06-07,24.81,754,24.889999,24.889999,24.709999,24.75
2014-06-14,24.86,755,24.73,25,24.73,25
2014-06-21,24.91,756,24.940001,24.950001,24.799999,24.950001
2014-06-28,25.16,757,24.99,25.33,24.99,25.33
2014-07-05,25.03,758,25.139999,25.139999,24.9,24.940001
2014-07-12,25.02,759,25.09,25.1,24.84,25.059999
2014-07-19,25.04,760,24.969999,25.17,24.969999,25.07
2014-07-26,24.75,761,25.059999,25.059999,24.450001,24.450001
2014-08-02,24.44,762,24.629999,24.629999,24.18,24.309999
2014-08-09,24.58,763,24.469999,24.719999,24.450001,24.700001
2014-08-16,24.92,764,24.870001,25,24.870001,24.940001
2014-08-23,25.10,765,25.030001,25.17,25.030001,25.17
2014-08-30,25.20,766,25.18,25.25,25.16,25.209999
2014-09-06,24.95,767,25.07,25.07,24.83,24.83
2014-09-13,24.84,768,24.75,24.99,24.75,24.860001
2014-09-20,24.52,769,24.700001,24.700001,24.27,24.42
2014-09-27,24.08,770,24.299999,24.299999,23.780001,23.950001
2014-10-04,23.51,771,23.969999,23.969999,23.059999,23.059999
2014-10-11,22.92,772,22.85,23.030001,22.780001,23.030001
2014-10-18,23.50,773,23.24,23.77,23.24,23.77
2014-10-25,24.10,774,23.700001,24.5,23.700001,24.5
2014-11-01,24.41,775,24.450001,24.450001,24.35,24.41
2014-11-08,24.57,776,24.530001,24.620001,24.530001,24.620001
2014-11-15,24.67,777,24.530001,24.809999,24.530001,24.809999
2014-11-22,24.90,778,24.9,24.969999,24.870001,24.870001
2014-11-29,24.78,779,24.68,24.889999,24.68,24.860001
2014-12-06,24.29,780,24.65,24.65,23.93,23.93
2014-12-13,24.11,781,23.719999,24.559999,23.629999,24.559999
2014-12-20,24.55,782,24.700001,24.700001,24.4,24.4
2014-12-27,24.22,783,24.4,24.4,24.040001,24.040001
2015-01-03,23.65,784,23.58,23.950001,23.32,23.77
2015-01-10,23.71,785,23.65,23.809999,23.57,23.809999
2015-01-17,24.05,786,23.85,24.280001,23.85,24.209999
2015-01-24,24.06,787,24.35,24.35,23.77,23.77
2015-01-31,24.21,788,23.99,24.5,23.99,24.360001
2015-02-07,24.53,789,24.26,24.809999,24.26,24.809999
2015-02-14,24.95,790,24.85,25.059999,24.85,25.059999
2015-02-21,25.07,791,25.02,25.139999,25.02,25.09
2015-02-28,25.00,792,25.209999,25.209999,24.799999,24.799999
2015-03-07,24.63,793,24.799999,24.799999,24.360001,24.58
2015-03-14,25.12,794,24.879999,25.379999,24.85,25.379999
2015-03-21,25.19,795,25.42,25.42,24.91,25
2015-03-28,25.14,796,25.200001,25.200001,25.01,25.16
2015-04-04,25.41,797,25.32,25.52,25.280001,25.52
2015-04-11,25.40,798,25.4,25.629999,25.280001,25.280001
2015-04-18,25.55,799,25.35,25.76,25.35,25.76
2015-04-25,25.57,800,25.73,25.77,25.299999,25.48
2015-05-02,25.51,801,25.51,25.65,25.23,25.65
2015-05-09,25.67,802,25.549999,25.83,25.459999,25.83
2015-05-16,25.86,803,25.879999,25.91,25.82,25.82
2015-05-23,25.55,804,25.5,25.709999,25.5,25.51
2015-05-30,25.43,805,25.5,25.639999,25.290001,25.290001
2015-06-06,25.26,806,25.15,25.48,25.059999,25.34
2015-06-13,25.34,807,25.209999,25.52,25.209999,25.42
2015-06-20,25.61,808,25.709999,25.780001,25.48,25.48
2015-06-27,25.02,809,24.889999,25.16,24.889999,25.16
2015-07-04,24.81,810,24.85,25.02,24.370001,25.02
2015-07-11,25.35,811,25.23,25.469999,25.23,25.469999
2015-07-18,25.13,812,25.43,25.43,24.83,24.83
2015-07-25,24.83,813,24.610001,25.059999,24.610001,25.059999
2015-08-01,24.94,814,24.98,25.09,24.85,24.85
2015-08-08,24.97,815,25.17,25.17,24.73,24.799999
2015-08-15,24.11,816,24.879999,24.879999,23.370001,23.370001
2015-08-22,23.06,817,22.48,23.66,22.48,23.66
2015-08-29,23.17,818,23.49,23.49,22.799999,22.889999
2015-09-05,23.39,819,23.41,23.43,23.299999,23.43
2015-09-12,23.48,820,23.33,23.85,23.33,23.4
2015-09-19,23.19,821,23.469999,23.469999,22.870001,22.940001
2015-09-26,22.82,822,22.440001,23.209999,22.42,23.209999
2015-10-03,23.83,823,23.66,24.040001,23.6,24.040001
2015-10-10,24.08,824,24.059999,24.24,23.77,24.24
2015-10-17,24.33,825,24.219999,24.549999,24.02,24.549999
2015-10-24,24.48,826,24.530001,24.58,24.4,24.42
2015-10-31,24.71,827,24.690001,24.76,24.690001,24.700001
2015-11-07,24.23,828,24.51,24.530001,23.950001,23.950001
2015-11-14,24.45,829,24.209999,24.700001,24.209999,24.700001
2015-11-21,24.65,830,24.66,24.66,24.629999,24.66
2015-11-28,24.56,831,24.549999,24.790001,24.309999,24.6
2015-12-05,24.00,832,24.42,24.42,23.59,23.59
2015-12-12,23.58,833,23.6,24.190001,23.280001,23.280001
2015-12-19,23.66,834,23.450001,23.889999,23.450001,23.85
2015-12-26,23.77,835,23.780001,24.030001,23.639999,23.639999
2016-01-02,22.63,836,23.16,23.17,22.110001,22.110001
2016-01-09,21.78,837,22.059999,22.209999,21.43,21.43
2016-01-16,21.59,838,21.51,21.82,21.209999,21.82
2016-01-23,21.85,839,21.51,22.190001,21.51,22.190001
2016-01-30,21.80,840,22.18,22.18,21.42,21.42
2016-02-06,20.96,841,21.02,21.059999,20.690001,21.059999
2016-02-13,21.64,842,21.49,21.85,21.49,21.74
2016-02-20,21.95,843,22.040001,22.040001,21.75,21.99
2016-02-27,22.40,844,21.92,22.9,21.92,22.9
2016-03-05,22.94,845,22.889999,23.129999,22.6,23.129999
2016-03-12,23.19,846,23.1,23.389999,22.9,23.389999
2016-03-19,23.25,847,23.389999,23.389999,23.120001,23.120001
2016-03-26,23.38,848,23.18,23.629999,23.18,23.549999
2016-04-02,23.36,849,23.5,23.5,23.120001,23.34
2016-04-09,23.61,850,23.32,23.92,23.32,23.889999
2016-04-16,24.06,851,24,24.17,24,24.08
2016-04-23,23.90,852,23.99,24.129999,23.75,23.75
2016-04-30,23.63,853,23.92,23.92,23.32,23.370001
2016-05-07,23.40,854,23.370001,23.66,23.280001,23.280001
2016-05-14,23.41,855,23.49,23.49,23.23,23.42
2016-05-21,23.68,856,23.4,23.959999,23.4,23.959999
2016-05-28,23.98,857,23.93,24.030001,23.93,24.030001
2016-06-04,24.05,858,24.18,24.42,23.809999,23.809999
2016-06-11,23.44,859,23.5,23.5,23.34,23.440001
2016-06-18,23.55,860,23.809999,24.299999,23.049999,23.049999
2016-06-25,23.13,861,22.48,23.799999,22.48,23.799999
2016-07-02,23.65,862,23.469999,23.84,23.469999,23.84
2016-07-09,24.24,863,24.07,24.440001,24.07,24.379999
2016-07-16,24.45,864,24.440001,24.51,24.360001,24.48
2016-07-23,24.57,865,24.41,24.73,24.41,24.73
2016-07-30,24.68,866,24.65,24.790001,24.48,24.790001
2016-08-06,24.88,867,24.799999,24.959999,24.799999,24.950001
2016-08-13,25.00,868,25.059999,25.059999,24.93,24.959999
2016-08-20,24.89,869,24.940001,25.02,24.799999,24.799999
2016-08-27,24.94,870,24.889999,25.049999,24.780001,25.049999
2016-09-03,24.97,871,25.27,25.299999,24.65,24.65
2016-09-10,24.73,872,24.9,24.9,24.51,24.6
2016-09-17,24.98,873,24.719999,25.34,24.719999,25.139999
2016-09-24,25.07,874,24.93,25.26,24.93,25.18
2016-10-01,25.13,875,25.16,25.23,25.07,25.07
2016-10-08,24.90,876,25.16,25.16,24.629999,24.65
2016-10-15,24.71,877,24.59,24.870001,24.59,24.799999
2016-10-22,24.73,878,24.889999,24.889999,24.57,24.57
2016-10-29,24.35,879,24.6,24.6,24.110001,24.110001
2016-11-05,24.64,880,24.57,24.799999,24.57,24.610001
2016-11-12,24.62,881,24.559999,24.73,24.559999,24.629999
2016-11-19,24.87,882,24.799999,24.950001,24.799999,24.950001
2016-11-26,24.80,883,24.84,24.889999,24.74,24.74
2016-12-03,25.23,884,24.940001,25.52,24.940001,25.52
2016-12-10,25.39,885,25.42,25.6,25.27,25.27
2016-12-17,25.12,886,25.280001,25.41,24.9,24.9
2016-12-24,24.87,887,24.93,24.93,24.799999,24.82
2016-12-31,25.14,888,24.98,25.299999,24.98,25.299999
2017-01-07,25.36,889,25.24,25.48,25.24,25.48
2017-01-14,25.40,890,25.4,25.440001,25.33,25.440001
2017-01-21,25.70,891,25.48,25.950001,25.48,25.91
2017-01-28,25.87,892,25.74,26.01,25.74,26.01
2017-02-04,25.99,893,25.92,26.09,25.879999,26.09
2017-02-11,26.29,894,26.219999,26.360001,26.219999,26.360001
2017-02-18,26.42,895,26.5,26.5,26.35,26.35
2017-02-25,26.38,896,26.370001,26.549999,26.219999,26.4
2017-03-04,26.31,897,26.309999,26.360001,26.200001,26.360001
2017-03-11,26.58,898,26.459999,26.74,26.370001,26.74
2017-03-18,26.62,899,26.74,26.74,26.459999,26.540001
2017-03-25,26.62,900,26.549999,26.73,26.549999,26.67
2017-04-01,26.60,901,26.629999,26.639999,26.57,26.58
2017-04-08,26.53,902,26.6,26.629999,26.440001,26.440001
2017-04-15,26.67,903,26.67,26.77,26.549999,26.709999
2017-04-22,27.27,904,27.120001,27.43,27.120001,27.4
2017-04-29,27.64,905,27.49,27.790001,27.49,27.790001
2017-05-06,27.80,906,27.75,27.870001,27.75,27.82
2017-05-13,27.90,907,28.01,28.07,27.620001,27.9
2017-05-20,28.14,908,28.030001,28.26,28.030001,28.26
2017-05-27,28.41,909,28.219999,28.6,28.209999,28.6
2017-06-03,28.51,910,28.559999,28.58,28.459999,28.459999
2017-06-10,28.42,911,28.34,28.540001,28.34,28.459999
2017-06-17,28.63,912,28.700001,28.700001,28.51,28.610001
2017-06-24,28.53,913,28.629999,28.66,28.4,28.43
2017-07-01,28.39,914,28.43,28.469999,28.26,28.4
2017-07-08,28.77,915,28.48,29.07,28.48,29.07
2017-07-15,29.18,916,29.07,29.309999,29.07,29.27
2017-07-22,29.24,917,29.26,29.32,29.190001,29.190001
2017-07-29,29.21,918,29.17,29.26,29.17,29.26
2017-08-05,29.02,919,29.33,29.33,28.709999,28.73
2017-08-12,28.95,920,29,29.139999,28.809999,28.84
2017-08-19,29.04,921,28.91,29.18,28.91,29.18
2017-08-26,29.32,922,29.16,29.51,29.110001,29.51
2017-09-02,29.39,923,29.290001,29.5,29.290001,29.48
2017-09-09,29.79,924,29.76,29.83,29.76,29.799999
2017-09-16,29.89,925,29.889999,29.92,29.85,29.9
2017-09-23,29.82,926,29.719999,29.98,29.620001,29.98
2017-09-30,30.21,927,30.110001,30.33,30.110001,30.309999
2017-10-07,30.47,928,30.290001,30.65,30.290001,30.65
2017-10-14,30.66,929,30.68,30.68,30.6,30.67
2017-10-21,30.71,930,30.57,30.860001,30.540001,30.860001
2017-10-28,30.95,931,30.83,31.08,30.83,31.08
2017-11-04,31.01,932,31.15,31.15,30.870001,30.870001
2017-11-11,30.87,933,30.84,31,30.65,30.99
2017-11-18,31.21,934,31.059999,31.360001,31.059999,31.360001
2017-11-25,31.25,935,31.209999,31.41,31.200001,31.200001
2017-12-02,31.11,936,31.09,31.209999,30.92,31.209999
2017-12-09,31.25,937,31.280001,31.299999,31.129999,31.299999
2017-12-16,31.16,938,31.139999,31.209999,31.1,31.209999
2017-12-23,31.27,939,31.190001,31.4,31.190001,31.309999
2017-12-30,31.96,940,31.639999,32.290001,31.639999,32.290001
2018-01-06,32.42,941,32.310001,32.59,32.18,32.59
2018-01-13,32.81,942,32.57,33.049999,32.57,33.049999
2018-01-20,33.53,943,33.310001,33.759998,33.310001,33.759998
2018-01-27,32.93,944,33.490002,33.490002,32.369999,32.369999
2018-02-03,30.98,945,31.200001,31.65,30.41,30.690001
2018-02-10,31.63,946,31.110001,32.16,31.110001,32.150002
2018-02-17,32.07,947,31.940001,32.25,31.84,32.25
2018-02-24,31.96,948,32.490002,32.490002,31.360001,31.52
2018-03-03,32.17,949,31.73,32.610001,31.73,32.610001
2018-03-10,32.52,950,32.650002,32.650002,32.389999,32.389999
2018-03-17,31.52,951,32.060001,32.200001,30.93,30.93
2018-03-24,31.45,952,31.66,31.66,31.049999,31.43
2018-03-31,31.08,953,30.860001,31.549999,30.860001,31.07
2018-04-07,31.40,954,31.209999,31.65,31.209999,31.549999
2018-04-14,31.79,955,31.700001,32.07,31.690001,31.690001
2018-04-21,31.49,956,31.6,31.6,31.209999,31.549999
2018-04-28,31.48,957,31.41,31.59,31.32,31.59
2018-05-05,31.95,958,31.66,32.240002,31.66,32.240002
2018-05-12,32.12,959,32.25,32.25,31.969999,32.009998
2018-05-19,32.09,960,32.220001,32.220001,31.959999,31.959999
2018-05-26,31.83,961,31.559999,32.099998,31.559999,32.099998
2018-06-02,32.44,962,32.32,32.580002,32.32,32.549999
2018-06-09,32.56,963,32.639999,32.650002,32.470001,32.470001
2018-06-16,32.17,964,32.360001,32.360001,31.91,32.07
2018-06-23,31.46,965,31.52,31.549999,31.23,31.530001
2018-06-30,31.63,966,31.450001,31.85,31.389999,31.85
2018-07-07,32.14,967,32.16,32.25,31.91,32.25
2018-07-14,32.27,968,32.18,32.369999,32.18,32.369999
2018-07-21,32.49,969,32.330002,32.77,32.330002,32.529999
2018-07-28,32.41,970,32.349998,32.48,32.349998,32.48
2018-08-04,32.32,971,32.490002,32.580002,32.099998,32.099998
2018-08-11,31.89,972,31.9,32.040001,31.67,31.940001
2018-08-18,32.27,973,32.09,32.459999,32.09,32.459999
2018-08-25,32.80,974,32.799999,32.98,32.709999,32.709999
2018-09-01,32.25,975,32.48,32.48,32.02,32.02
2018-09-08,32.24,976,32.040001,32.439999,32.040001,32.439999
2018-09-15,32.53,977,32.25,32.830002,32.25,32.799999
2018-09-22,32.67,978,32.689999,32.740002,32.619999,32.619999
2018-09-29,32.22,979,32.650002,32.650002,31.790001,31.790001
2018-10-06,31.01,980,31.639999,31.639999,30.18,30.610001
2018-10-13,30.64,981,30.469999,31.15,30.469999,30.48
2018-10-20,29.96,982,30.5,30.5,29.379999,29.469999
2018-10-27,29.81,983,29.200001,30.440001,29.200001,30.440001
2018-11-03,30.69,984,30.51,31.129999,30.51,30.620001
2018-11-10,30.22,985,30.040001,30.42,30.02,30.42
2018-11-17,29.76,986,29.99,29.99,29.469999,29.610001
2018-11-24,30.31,987,30,30.620001,30,30.620001
2018-12-01,30.21,988,31.040001,31.040001,29.4,29.4
2018-12-08,29.24,989,29.26,29.620001,29.049999,29.049999
2018-12-15,26.92,990,28.59,28.59,25.34,25.34
2018-12-22,25.53,991,25.01,26.07,25.01,26.07
2018-12-29,26.26,992,26.24,26.559999,25.700001,26.559999
2019-01-05,27.04,993,26.74,27.35,26.74,27.33
2019-01-12,27.56,994,27.17,27.950001,27.17,27.950001
2019-01-19,27.76,995,27.540001,27.99,27.540001,27.99
2019-01-26,28.11,996,27.84,28.4,27.82,28.4
2019-02-02,28.43,997,28.530001,28.75,28.23,28.23
2019-02-09,28.58,998,28.24,28.92,28.24,28.92
2019-02-16,29.07,999,28.969999,29.18,28.969999,29.18
2019-02-23,29.30,1000,29.299999,29.360001,29.200001,29.360001
2019-03-02,28.99,1001,29.26,29.299999,28.700001,28.700001
2019-03-09,29.31,1002,29.09,29.540001,29.09,29.540001
2019-03-16,29.48,1003,29.67,29.790001,29.23,29.23
2019-03-23,29.43,1004,29.23,29.629999,29.23,29.629999
2019-03-30,30.14,1005,29.969999,30.32,29.969999,30.32
2019-04-06,30.35,1006,30.35,30.43,30.209999,30.43
2019-04-13,30.48,1007,30.43,30.540001,30.43,30.540001
2019-04-20,30.57,1008,30.51,30.65,30.49,30.620001
2019-04-27,30.73,1009,30.700001,30.85,30.51,30.85
2019-05-04,30.29,1010,30.629999,30.629999,29.879999,30.02
2019-05-11,29.54,1011,29.290001,29.93,29.290001,29.65
2019-05-18,29.46,1012,29.440001,29.700001,29.27,29.43
2019-05-25,29.18,1013,29.299999,29.299999,29.059999,29.059999
2019-06-01,29.57,1014,29.07,30.08,29.07,30.08
2019-06-08,30.19,1015,30.26,30.33,30.09,30.09
2019-06-15,30.51,1016,30.1,30.98,30.1,30.889999
2019-06-22,30.82,1017,30.84,30.950001,30.559999,30.950001
2019-06-29,31.29,1018,31.17,31.459999,31.17,31.360001
2019-07-06,31.24,1019,31.15,31.33,31.139999,31.33
2019-07-13,31.27,1020,31.370001,31.370001,31.17,31.17
2019-07-20,31.40,1021,31.25,31.559999,31.25,31.540001
2019-07-27,31.07,1022,31.49,31.49,30.66,30.66
2019-08-03,30.14,1023,29.76,30.66,29.76,30.379999
2019-08-10,30.00,1024,30.07,30.389999,29.52,30.02
2019-08-17,29.99,1025,30.26,30.360001,29.67,29.67
2019-08-24,30.14,1026,29.9,30.389999,29.889999,30.389999
2019-08-31,30.53,1027,30.15,30.91,30.15,30.91
2019-09-07,31.12,1028,30.9,31.360001,30.879999,31.360001
2019-09-14,31.16,1029,31.23,31.290001,31.07,31.07
2019-09-21,30.84,1030,31.02,31.02,30.66,30.66
2019-09-28,30.48,1031,30.75,30.75,29.93,30.49
2019-10-05,30.43,1032,30.33,30.76,29.860001,30.76
2019-10-12,30.88,1033,30.690001,31.120001,30.690001,31.01
2019-10-19,31.34,1034,31.299999,31.440001,31.17,31.440001
2019-10-26,31.73,1035,31.629999,31.870001,31.559999,31.870001
2019-11-02,32.11,1036,32.060001,32.200001,31.98,32.200001
2019-11-09,32.18,1037,32.119999,32.290001,32.040001,32.290001
2019-11-16,32.28,1038,32.279999,32.369999,32.200001,32.290001
2019-11-23,32.65,1039,32.599998,32.82,32.599998,32.599998
2019-11-30,32.53,1040,32.369999,32.77,32.23,32.77
2019-12-07,32.92,1041,32.639999,33.209999,32.630001,33.209999
2019-12-14,32.52,1042,33.48,33.48,31.49,31.67
2019-12-21,31.80,1043,31.690001,31.92,31.690001,31.92
2019-12-28,31.85,1044,31.73,32.110001,31.73,31.85
2020-01-04,32.02,1045,31.889999,32.189999,31.889999,32.119999
2020-01-11,32.48,1046,32.32,32.639999,32.32,32.639999
2020-01-18,32.34,1047,32.450001,32.5,32.209999,32.209999
2020-01-25,31.49,1048,31.57,31.860001,31.26,31.26
2020-02-01,31.98,1049,31.6,32.5,31.6,32.220001
2020-02-08,32.51,1050,32.330002,32.720001,32.330002,32.669998
2020-02-15,32.51,1051,32.540001,32.77,32.369999,32.369999
2020-02-22,30.21,1052,31.219999,31.219999,29.24,29.24
2020-02-29,29.59,1053,30,30.389999,28.99,28.99
2020-03-07,26.15,1054,26.870001,27.99,24.110001,25.780001
2020-03-14,22.88,1055,22.950001,24.01,22.299999,22.299999
2020-03-21,23.45,1056,21.879999,25.559999,21.879999,24.709999
2020-03-28,24.55,1057,25.18,25.18,23.940001,23.940001
2020-04-04,26.00,1058,25.440001,26.58,25.440001,26.58
2020-04-11,26.80,1059,26.360001,27.24,26.360001,27.24
2020-04-18,26.75,1060,26.93,26.969999,26.129999,26.969999
2020-04-25,27.37,1061,27.42,28.16,26.959999,26.959999
2020-05-02,27.47,1062,27,27.950001,27,27.950001
2020-05-09,27.55,1063,27.91,27.91,27.120001,27.280001
2020-05-16,28.16,1064,28.120001,28.459999,27.92,28.16
2020-05-23,28.93,1065,28.709999,29.15,28.709999,29.15
2020-05-30,30.21,1066,29.469999,30.969999,29.469999,30.969999
2020-06-06,30.35,1067,31.27,31.27,29.25,29.67
2020-06-13,30.15,1068,29.870001,30.450001,29.870001,30.41
2020-06-20,30.32,1069,30.65,30.879999,29.889999,29.889999
2020-06-27,30.58,1070,30.17,31,30.17,31
2020-07-04,31.67,1071,31.67,31.84,31.33,31.84
2020-07-11,31.81,1072,31.5,32.169998,31.5,32.07
2020-07-18,32.36,1073,32.459999,32.639999,32.169998,32.169998
2020-07-25,32.49,1074,32.580002,32.77,32.310001,32.310001
2020-08-01,32.82,1075,32.639999,33.07,32.639999,32.93
2020-08-08,33.05,1076,32.880001,33.290001,32.82,33.220001
2020-08-15,33.52,1077,33.470001,33.639999,33.470001,33.5
2020-08-22,34.10,1078,33.790001,34.41,33.790001,34.41
2020-08-29,33.96,1079,34.220001,34.77,33.43,33.43
2020-09-05,32.89,1080,32.639999,33.259998,32.639999,33.02
2020-09-12,33.44,1081,33.490002,33.689999,33.290001,33.290001
2020-09-19,32.64,1082,32.709999,32.880001,32.310001,32.669998
2020-09-26,33.31,1083,33.16,33.59,33.119999,33.389999
2020-10-03,34.26,1084,33.939999,34.73,33.650002,34.73
2020-10-10,34.82,1085,35.099998,35.099998,34.540001,34.540001
2020-10-17,34.44,1086,34.259998,34.619999,34.259998,34.619999
2020-10-24,33.35,1087,33.959999,33.959999,32.75,32.75
2020-10-31,34.28,1088,33.130001,35.470001,33.130001,35.470001
2020-11-07,35.97,1089,35.919998,36.130001,35.689999,36.130001
2020-11-14,36.38,1090,36.529999,36.529999,36.139999,36.330002
2020-11-21,36.89,1091,36.5,37.279999,36.5,37.279999
2020-11-28,37.48,1092,36.900002,38.07,36.900002,38.07
2020-12-05,38.06,1093,38.009998,38.18,38.009998,38.049999
2020-12-12,37.97,1094,37.939999,38.75,37.610001,37.610001
2020-12-19,37.35,1095,37.360001,37.400002,37.240002,37.389999
2020-12-26,37.60,1096,37.389999,37.810001,37.389999,37.810001
2021-01-02,38.32,1097,37.529999,39.130001,37.529999,39.130001
2021-01-09,38.81,1098,38.740002,39.099998,38.700001,38.700001
2021-01-16,39.38,1099,39.209999,39.700001,39.209999,39.419998
2021-01-23,38.56,1100,39.470001,39.470001,37.669998,37.669998
2021-01-30,39.09,1101,38.459999,39.73,38.459999,39.73
2021-02-06,40.49,1102,40.080002,40.91,40.080002,40.91
2021-02-13,40.87,1103,41.060001,41.060001,40.549999,40.82
2021-02-20,39.79,1104,40.310001,40.439999,39.209999,39.209999
2021-02-27,39.51,1105,40.099998,40.099998,38.68,39.18
2021-03-06,39.45,1106,38.75,40.240002,38.75,40.09
2021-03-13,39.98,1107,40.220001,40.259998,39.709999,39.75
2021-03-20,39.62,1108,39.869999,39.869999,38.959999,39.790001
2021-03-27,39.95,1109,39.57,40.34,39.57,40.34
2021-04-03,40.83,1110,40.720001,41.009998,40.57,41.009998
2021-04-10,41.25,1111,40.84,41.66,40.84,41.66
2021-04-17,41.40,1112,41.369999,41.650002,40.919998,41.650002
2021-04-24,41.64,1113,41.849998,41.91,41.400002,41.400002
2021-05-01,41.63,1114,41.52,41.93,41.139999,41.93
2021-05-08,40.98,1115,41.389999,41.389999,40.130001,41.029999
2021-05-15,41.03,1116,40.950001,41.240002,40.709999,41.209999
2021-05-22,41.75,1117,41.549999,41.970001,41.5,41.970001
2021-05-29,42.14,1118,42.189999,42.240002,41.900002,42.240002
2021-06-05,42.33,1119,42.32,42.43,42.150002,42.43
2021-06-12,42.02,1120,42.5,42.5,41.549999,41.549999
2021-06-19,42.37,1121,42.040001,42.709999,42.040001,42.709999
2021-06-26,42.59,1122,42.639999,42.650002,42.439999,42.650002
2021-07-03,42.43,1123,42.470001,42.610001,42.02,42.610001
2021-07-10,42.46,1124,42.689999,42.689999,42.240002,42.240002
2021-07-17,42.24,1125,41.630001,42.860001,41.630001,42.860001
2021-07-24,42.55,1126,42.639999,42.830002,42.220001,42.529999
2021-07-31,42.85,1127,42.630001,43.150002,42.630001,43.009998
2021-08-07,43.12,1128,43.130001,43.16,43.09,43.099998
2021-08-14,42.50,1129,42.889999,42.889999,42.02,42.189999
2021-08-21,42.91,1130,42.650002,43.18,42.650002,43.18
2021-08-28,43.53,1131,43.23,43.830002,43.23,43.830002
2021-09-04,43.53,1132,43.77,43.77,43.299999,43.299999
2021-09-11,43.09,1133,43.299999,43.299999,42.889999,42.889999
2021-09-18,42.55,1134,42.09,43.09,42.09,42.959999
2021-09-25,42.28,1135,42.860001,42.860001,41.529999,41.869999
2021-10-02,41.69,1136,41.240002,42.16,41.240002,42.130001
2021-10-09,42.56,1137,41.900002,43.240002,41.869999,43.240002
2021-10-16,43.57,1138,43.299999,43.860001,43.299999,43.82
2021-10-23,43.81,1139,43.98,43.98,43.52,43.759998
2021-10-30,44.03,1140,44.040001,44.139999,43.919998,44.040001
2021-11-06,44.10,1141,44.259998,44.259998,43.639999,44.240002
2021-11-13,43.98,1142,44.209999,44.330002,43.689999,43.689999
2021-11-20,42.78,1143,43.209999,43.27,42.330002,42.330002
2021-11-27,41.89,1144,42.59,42.59,41.169998,41.25
2021-12-04,42.13,1145,41.639999,42.830002,41.639999,42.419998
2021-12-11,39.69,1146,42,42.119999,37.459999,37.459999
2021-12-18,37.66,1147,36.990002,38.34,36.990002,38.34
2021-12-25,38.53,1148,38.599998,38.599998,38.470001,38.470001
2022-01-01,38.05,1149,38.57,38.57,37.540001,37.540001
2022-01-08,37.62,1150,37.389999,38.209999,37.389999,37.48
2022-01-15,36.18,1151,36.689999,36.689999,35.669998,35.669998
2022-01-22,35.18,1152,35.669998,35.669998,34.400002,34.990002
2022-01-29,35.95,1153,35.900002,36.470001,35.560001,35.860001
2022-02-05,35.93,1154,35.77,36.82,35.57,35.57
2022-02-12,35.24,1155,35.279999,36.009998,34.849998,34.849998
2022-02-19,34.43,1156,34.400002,34.790001,33.75,34.790001
2022-02-26,33.91,1157,34.630001,34.630001,33.209999,33.209999
2022-03-05,32.34,1158,31.959999,33.16,31.959999,32.279999
2022-03-12,33.33,1159,31.950001,34.779999,31.950001,34.779999
2022-03-19,34.67,1160,34.470001,34.959999,34.470001,34.799999
2022-03-26,35.24,1161,34.970001,35.73,34.950001,35.299999
2022-04-02,35.06,1162,35.610001,35.610001,34.509998,34.509998
2022-04-09,34.03,1163,34.029999,34.299999,33.84,33.950001
2022-04-16,33.31,1164,33.709999,34.110001,32.720001,32.720001
2022-04-23,32.31,1165,32.790001,32.790001,31.82,31.870001
2022-04-30,31.73,1166,31.98,32.84,31.059999,31.059999
2022-05-07,30.24,1167,29.889999,30.709999,29.67,30.709999
2022-05-14,30.75,1168,30.58,31.33,30.370001,30.709999
2022-05-21,31.53,1169,31.07,32.23,30.620001,32.23
2022-05-28,32.02,1170,32.09,32.43,31.709999,31.870001
2022-06-04,31.32,1171,32.130001,32.34,30.43,30.43
2022-06-11,29.08,1172,29.200001,29.59,28.68,28.84
2022-06-18,29.90,1173,29.379999,30.48,29.280001,30.48
2022-06-25,30.07,1174,30.450001,30.450001,29.610001,29.790001
2022-07-02,30.07,1175,29.82,30.370001,29.82,30.290001
2022-07-09,29.59,1176,29.790001,29.790001,29.139999,29.65
2022-07-16,30.14,1177,29.629999,30.84,29.629999,30.459999
2022-07-23,30.74,1178,30.48,31.280001,29.950001,31.280001
2022-07-30,31.45,1179,31.23,31.799999,31.059999,31.709999
2022-08-06,32.25,1180,31.809999,32.860001,31.5,32.860001
2022-08-13,32.29,1181,32.919998,32.919998,31.68,31.68
2022-08-20,31.03,1182,31,31.73,30.709999,30.709999
2022-08-27,30.10,1183,30.540001,30.540001,29.67,29.67
2022-09-03,30.25,1184,29.559999,30.959999,29.559999,30.959999
2022-09-10,30.37,1185,31.33,31.33,29.440001,29.440001
2022-09-17,28.57,1186,29.610001,29.610001,27.57,27.57
2022-09-24,27.31,1187,27.24,27.860001,27.07,27.07
2022-10-01,27.96,1188,27.709999,28.870001,27.639999,27.639999
2022-10-08,27.06,1189,27.389999,27.41,26.719999,26.719999
2022-10-15,27.68,1190,27.610001,27.9,27.33,27.889999
2022-10-22,28.21,1191,27.790001,28.629999,27.790001,28.629999
2022-10-29,28.35,1192,28.5,28.65,27.780001,28.48
2022-11-05,29.60,1193,28.700001,30.75,28.27,30.75
2022-11-12,30.39,1194,30.32,30.790001,30.200001,30.25
2022-11-19,30.25,1195,29.940001,30.559999,29.940001,30.559999
2022-11-26,30.76,1196,30.120001,31.42,30.120001,31.42
2022-12-03,30.60,1197,30.780001,30.780001,30.33,30.52
2022-12-10,28.79,1198,30.75,31.110001,26.799999,26.799999
2022-12-17,26.71,1199,26.549999,27.030001,26.549999,26.73
2022-12-24,26.66,1200,26.639999,26.9,26.35,26.74
2022-12-31,27.27,1201,26.84,27.700001,26.84,27.700001